INSERT INTO Countries (country_name, p_country_code) VALUES
('India', '+91'),
('United States', '+1'),
('United Kingdom', '+44'),
('Germany', '+49'),
('Australia', '+61'),
('Canada', '+1'),
('France', '+33'),
('Japan', '+81'),
('Brazil', '+55'),
('South Africa', '+27');

INSERT INTO Cities (city_name, country_id) VALUES
('Mumbai', 1),
('Delhi', 1),
('Bangalore', 1),
('Kolkata', 1),
('Chennai', 1),
('Hyderabad', 1),
('Pune', 1),
('Ahmedabad', 1),
('Jaipur', 1),
('Lucknow', 1),
('New York', 2),
('Los Angeles', 2),
('London', 3),
('Paris', 4),
('Berlin', 4),
('Sydney', 5),
('Toronto', 6),
('Tokyo', 7),
('Rio de Janeiro', 8),
('Cape Town', 9);

INSERT INTO Airlines (airline_name, airline_code, country_of_origin, contact_number, email, website) VALUES
('Air India', 'AI', 'India', '1800-180-1407', 'support@airindia.in', 'www.airindia.in'),
('IndiGo', '6E', 'India', '0124-6173838', 'customer.relations@indigo.in', 'www.goindigo.in'),
('SpiceJet', 'SG', 'India', '91-987-180-3333', 'spicejet@spicejet.in', 'www.spicejet.com'),
('GoAir', 'G8', 'India', '1800-210-9999', 'care@goair.in', 'www.goair.in'),
('Vistara', 'UK', 'India', '0124-617-4000', 'feedback@airvistara.com', 'www.airvistara.com'),
('American Airlines', 'AA', 'United States', '1-800-433-7300', 'aa.customerservice@aa.com', 'www.aa.com'),
('British Airways', 'BA', 'United Kingdom', '1-800-247-9297', 'info@britishairways.com', 'www.britishairways.com'),
('Lufthansa', 'LH', 'Germany', '+49 69 867 990 00', 'contact@lufthansa.com', 'www.lufthansa.com'),
('Qantas Airways', 'QF', 'Australia', '13 13 13', 'qantas@qantas.com.au', 'www.qantas.com.au'),
('Air Canada', 'AC', 'Canada', '1-888-247-2262', 'contactus@aircanada.ca', 'www.aircanada.com');

INSERT INTO ClassType (class_name) VALUES 
('Economy'),
('Business'),
('First');

INSERT INTO PaymentType (pm_type) VALUES
('Credit Card'),
('Debit Card'),
('Net Banking'),
('UPI'),
('PayPal'),
('Wallet'),
('Bank Transfer');


INSERT INTO PII (identifier_type, country_id) VALUES
('Aadhar Card', 1),
('Driver’s License', 2),
('National ID Card', 3),
('Passport', 4),
('SSN', 2),
('Voter ID', 1),
('Tax ID', 4),
('National ID', 6),
('Passport', 7),
('CPF', 8);

INSERT INTO Airports (airport_name, city_id, country_id, airport_code) VALUES
('Chhatrapati Shivaji Maharaj International Airport', 1, 1, 'BOM'),
('Indira Gandhi International Airport', 2, 1, 'DEL'),
('Kempegowda International Airport', 3, 1, 'BLR'),
('Netaji Subhash Chandra Bose International Airport', 4, 1, 'CCU'),
('Chennai International Airport', 5, 1, 'MAA'),
('Rajiv Gandhi International Airport', 6, 1, 'HYD'),
('Pune International Airport', 7, 1, 'PNQ'),
('Sardar Vallabhbhai Patel International Airport', 8, 1, 'AMD'),
('Jaipur International Airport', 9, 1, 'JAI'),
('Chaudhary Charan Singh International Airport', 10, 1, 'LKO'),
('John F. Kennedy International Airport', 11, 2, 'JFK'),
('Los Angeles International Airport', 12, 2, 'LAX'),
('Heathrow Airport', 13, 3, 'LHR'),
('Charles de Gaulle Airport', 14, 4, 'CDG'),
('Berlin Brandenburg Airport', 15, 4, 'BER'),
('Sydney Kingsford Smith Airport', 16, 5, 'SYD'),
('Toronto Pearson International Airport', 17, 6, 'YYZ'),
('Narita International Airport', 18, 7, 'NRT'),
('Galeão International Airport', 19, 8, 'GIG'),
('Cape Town International Airport', 20, 9, 'CPT');

INSERT INTO Passengers (first_name, last_name, dob, email, p_country_code, phone_number, identifier_id, identifier_value) VALUES
('Rajesh', 'Kumar', '1985-06-12', 'rajesh.kumar@mail.com', '+91', '9876543210', 1, '123456789012'),
('Amit', 'Sharma', '1990-03-22', 'amit.sharma@mail.com', '+91', '9876543211', 2, 'DL1234567'),
('Nisha', 'Singh', '1988-09-15', 'nisha.singh@mail.com', '+91', '9876543212', 1, '9876543210'),
('Emily', 'Johnson', '1985-11-02', 'emily.johnson@mail.com', '+1', '1234567890', 2, '2345678901'),
('David', 'Smith', '1992-07-21', 'david.smith@mail.com', '+1', '1234567891', 3, '5678901234'),
('Sarah', 'Williams', '1983-12-30', 'sarah.williams@mail.com', '+44', '9876543213', 4, '1234567890'),
('John', 'Davis', '1975-02-05', 'john.davis@mail.com', '+1', '9876543214', 5, '2345678901'),
('Robert', 'Miller', '1993-08-16', 'robert.miller@mail.com', '+1', '9876543215', 2, '1234567890'),
('Mary', 'Taylor', '1989-04-10', 'mary.taylor@mail.com', '+44', '1234567896', 6, '6789012345'),
('Michael', 'Wilson', '1981-12-05', 'michael.wilson@mail.com', '+1', '1234567897', 1, '3456789012'),
('Anjali', 'Patel', '1994-01-05', 'anjali.patel@mail.com', '+91', '9876543200', 1, '123456789012'),
('Priya', 'Reddy', '1990-02-19', 'priya.reddy@mail.com', '+91', '9876543201', 2, 'DL1234568'),
('Raj', 'Mehta', '1986-11-25', 'raj.mehta@mail.com', '+91', '9876543202', 1, '9876543201'),
('Sunil', 'Sharma', '1987-10-12', 'sunil.sharma@mail.com', '+91', '9876543203', 3, 'SSN12345678'),
('Neha', 'Gupta', '1992-07-28', 'neha.gupta@mail.com', '+91', '9876543204', 1, '9876543203'),
('Zara', 'Ali', '1989-04-25', 'zara.ali@mail.com', '+91', '9876543205', 4, 'Zara12345'),
('Vikram', 'Singh', '1991-09-15', 'vikram.singh@mail.com', '+1', '1234567899', 5, '2345678905'),
('Lisa', 'Johnson', '1994-12-05', 'lisa.johnson@mail.com', '+1', '1234567900', 2, 'DL1234569'),
('Harry', 'Potter', '1990-11-02', 'harry.potter@mail.com', '+44', '9876543206', 3, 'HL789456'),
('Derek', 'Morgan', '1984-05-17', 'derek.morgan@mail.com', '+1', '9876543207', 1, '1234567899'),
('James', 'Smith', '1993-03-22', 'james.smith@mail.com', '+1', '9876543208', 4, '5678901234'),
('Elena', 'Gilbert', '1995-02-02', 'elena.gilbert@mail.com', '+44', '9876543209', 5, '3456789012'),
('Samantha', 'Green', '1992-08-09', 'samantha.green@mail.com', '+1', '9876543210', 2, '5678901235'),
('Joshua', 'Thompson', '1990-04-29', 'joshua.thompson@mail.com', '+1', '9876543211', 6, '6789012346'),
('Laura', 'Taylor', '1993-11-15', 'laura.taylor@mail.com', '+44', '9876543212', 3, '7890123456'),
('Catherine', 'Rodriguez', '1991-07-06', 'catherine.rodriguez@mail.com', '+1', '9876543213', 4, '7894561234'),
('David', 'Gonzalez', '1988-09-10', 'david.gonzalez@mail.com', '+1', '9876543214', 2, '2345678909');

INSERT INTO Flights (flight_number, departure_airport_id, arrival_airport_id, departure_time, arrival_time, flight_status, airline_id) VALUES
('AI101', 1, 2, '2025-02-23 10:00:00', '2025-02-23 14:00:00', 'Scheduled', 1),
('AI102', 2, 3, '2025-02-24 12:00:00', '2025-02-24 16:00:00', 'Delayed', 1),
('6E203', 3, 4, '2025-02-25 08:00:00', '2025-02-25 12:00:00', 'Scheduled', 2),
('6E204', 4, 5, '2025-02-26 14:00:00', '2025-02-26 18:00:00', 'Cancelled', 2),
('SG305', 5, 6, '2025-02-27 09:00:00', '2025-02-27 13:00:00', 'Completed', 3),
('SG306', 6, 7, '2025-02-28 10:00:00', '2025-02-28 14:00:00', 'Scheduled', 3),
('G8407', 7, 8, '2025-03-01 11:00:00', '2025-03-01 15:00:00', 'Scheduled', 4),
('G8408', 8, 9, '2025-03-02 13:00:00', '2025-03-02 17:00:00', 'Delayed', 4),
('UK509', 9, 10, '2025-03-03 15:00:00', '2025-03-03 19:00:00', 'Scheduled', 5),
('UK510', 10, 1, '2025-03-04 17:00:00', '2025-03-04 21:00:00', 'Completed', 5),
('AI103', 2, 3, '2025-03-05 10:00:00', '2025-03-05 14:00:00', 'Delayed', 1),
('AI104', 3, 4, '2025-03-06 12:00:00', '2025-03-06 16:00:00', 'Scheduled', 1),
('6E205', 4, 5, '2025-03-07 08:00:00', '2025-03-07 12:00:00', 'Completed', 2),
('6E206', 5, 6, '2025-03-08 14:00:00', '2025-03-08 18:00:00', 'Delayed', 2),
('SG307', 6, 7, '2025-03-09 09:00:00', '2025-03-09 13:00:00', 'Scheduled', 3),
('SG308', 7, 8, '2025-03-10 10:00:00', '2025-03-10 14:00:00', 'Cancelled', 3),
('G8409', 8, 9, '2025-03-11 11:00:00', '2025-03-11 15:00:00', 'Scheduled', 4),
('G8410', 9, 10, '2025-03-12 13:00:00', '2025-03-12 17:00:00', 'Completed', 4),
('UK511', 10, 1, '2025-03-13 15:00:00', '2025-03-13 19:00:00', 'Scheduled', 5),
('UK512', 1, 2, '2025-03-14 17:00:00', '2025-03-14 21:00:00', 'Delayed', 5),
('AI105', 2, 3, '2025-03-15 10:00:00', '2025-03-15 14:00:00', 'Scheduled', 1),
('AI106', 3, 4, '2025-03-16 12:00:00', '2025-03-16 16:00:00', 'Completed', 1),
('6E207', 4, 5, '2025-03-17 08:00:00', '2025-03-17 12:00:00', 'Delayed', 2),
('6E208', 5, 6, '2025-03-18 14:00:00', '2025-03-18 18:00:00', 'Scheduled', 2),
('SG309', 6, 7, '2025-03-19 09:00:00', '2025-03-19 13:00:00', 'Cancelled', 3),
('SG310', 7, 8, '2025-03-20 10:00:00', '2025-03-20 14:00:00', 'Scheduled', 3);

INSERT INTO Bookings (booking_creator_id, booking_date, ticket_type, total_amount, booking_status, cancellation_date) VALUES
(1, '2025-02-23', 1, 15000.00, 'Active', NULL),
(2, '2025-02-24', 2, 12000.00, 'Cancelled', '2025-02-25'),
(3, '2025-02-25', 3, 20000.00, 'Active', NULL),
(4, '2025-02-26', 1, 10000.00, 'Active', NULL),
(5, '2025-02-27', 2, 18000.00, 'Cancelled', '2025-02-28'),
(6, '2025-02-28', 3, 25000.00, 'Active', NULL),
(7, '2025-03-01', 1, 22000.00, 'Active', NULL),
(8, '2025-03-02', 2, 16000.00, 'Cancelled', '2025-03-03'),
(9, '2025-03-03', 3, 17000.00, 'Active', NULL),
(10, '2025-03-04', 1, 13000.00, 'Active', NULL),
(11, '2025-03-05', 2, 15000.00, 'Cancelled', '2025-03-06'),
(12, '2025-03-06', 3, 19000.00, 'Active', NULL),
(13, '2025-03-07', 1, 14000.00, 'Active', NULL),
(14, '2025-03-08', 2, 22000.00, 'Cancelled', '2025-03-09'),
(15, '2025-03-09', 3, 21000.00, 'Active', NULL),
(16, '2025-03-10', 1, 13000.00, 'Active', NULL),
(17, '2025-03-11', 2, 18000.00, 'Cancelled', '2025-03-12'),
(18, '2025-03-12', 3, 24000.00, 'Active', NULL),
(19, '2025-03-13', 1, 16000.00, 'Active', NULL),
(20, '2025-03-14', 2, 20000.00, 'Cancelled', '2025-03-15'),
(21, '2025-03-15', 3, 23000.00, 'Active', NULL),
(22, '2025-03-16', 1, 14000.00, 'Active', NULL),
(23, '2025-03-17', 2, 21000.00, 'Cancelled', '2025-03-18'),
(24, '2025-03-18', 3, 25000.00, 'Active', NULL),
(25, '2025-03-19', 1, 15000.00, 'Active', NULL);

INSERT INTO FamilyMembers (booking_id, passenger_id) VALUES
(1, 1), (1, 2), (2, 3), (2, 4), (3, 5), 
(3, 6), (4, 7), (4, 8), (5, 9), (5, 10),
(6, 11), (6, 12), (7, 13), (7, 14), (8, 15),
(8, 16), (9, 17), (9, 18), (10, 19), (10, 20),
(11, 21), (11, 22), (12, 23), (12, 24), (13, 25);

INSERT INTO TicketSeats (booking_id, seat_number, seat_type, price) VALUES
(1, 'A1', 1, 5000.00), (1, 'A2', 1, 5000.00), (2, 'B1', 2, 4000.00), 
(2, 'B2', 2, 4000.00), (3, 'C1', 3, 6000.00), (3, 'C2', 3, 6000.00),
(4, 'D1', 1, 5500.00), (4, 'D2', 1, 5500.00), (5, 'E1', 2, 7000.00), 
(5, 'E2', 2, 7000.00), (6, 'F1', 3, 7500.00), (6, 'F2', 3, 7500.00), 
(7, 'G1', 1, 4800.00), (7, 'G2', 1, 4800.00), (8, 'H1', 2, 4300.00), 
(8, 'H2', 2, 4300.00), (9, 'I1', 3, 6800.00), (9, 'I2', 3, 6800.00), 
(10, 'J1', 1, 5200.00), (10, 'J2', 1, 5200.00), (11, 'K1', 2, 6100.00),
(11, 'K2', 2, 6100.00), (12, 'L1', 3, 6900.00), (12, 'L2', 3, 6900.00), 
(13, 'M1', 1, 5400.00);

INSERT INTO Payments (booking_id, payment_date, payment_amount, pm_id, payment_status) VALUES
(1, '2025-02-23', 10000.00, 1, 'Success'),
(2, '2025-02-24', 12000.00, 2, 'Failed'),
(3, '2025-02-25', 20000.00, 3, 'Success'),
(4, '2025-02-26', 10000.00, 4, 'Success'),
(5, '2025-02-27', 18000.00, 5, 'Failed'),
(6, '2025-02-28', 25000.00, 6, 'Success'),
(7, '2025-03-01', 22000.00, 7, 'Success'),
(8, '2025-03-02', 16000.00, 1, 'Failed'),
(9, '2025-03-03', 17000.00, 2, 'Success'),
(10, '2025-03-04', 13000.00, 3, 'Success'),
(11, '2025-03-05', 15000.00, 4, 'Failed'),
(12, '2025-03-06', 19000.00, 5, 'Success'),
(13, '2025-03-07', 14000.00, 6, 'Success'),
(14, '2025-03-08', 22000.00, 7, 'Failed'),
(15, '2025-03-09', 21000.00, 1, 'Success'),
(16, '2025-03-10', 13000.00, 2, 'Success'),
(17, '2025-03-11', 18000.00, 3, 'Failed'),
(18, '2025-03-12', 24000.00, 4, 'Success'),
(19, '2025-03-13', 16000.00, 5, 'Success'),
(20, '2025-03-14', 20000.00, 6, 'Failed'),
(21, '2025-03-15', 23000.00, 7, 'Success'),
(22, '2025-03-16', 14000.00, 1, 'Success'),
(23, '2025-03-17', 21000.00, 2, 'Failed'),
(24, '2025-03-18', 25000.00, 3, 'Success'),
(25, '2025-03-19', 15000.00, 4, 'Success');

INSERT INTO Baggage (booking_id, baggage_weight, baggage_type, checked_in, baggage_status) VALUES
(1, 15.0, 'Cabin', TRUE, 'Checked'),
(2, 20.0, 'Checked', FALSE, 'Not Checked'),
(3, 10.0, 'Cabin', TRUE, 'Checked'),
(4, 25.0, 'Checked', TRUE, 'Checked'),
(5, 18.0, 'Cabin', FALSE, 'Not Checked'),
(6, 22.0, 'Checked', TRUE, 'Checked'),
(7, 12.0, 'Cabin', TRUE, 'Checked'),
(8, 30.0, 'Checked', FALSE, 'Not Checked'),
(9, 8.0, 'Cabin', TRUE, 'Checked'),
(10, 20.0, 'Checked', TRUE, 'Checked'),
(11, 16.0, 'Cabin', FALSE, 'Not Checked'),
(12, 14.0, 'Checked', TRUE, 'Checked'),
(13, 10.0, 'Cabin', TRUE, 'Checked'),
(14, 26.0, 'Checked', FALSE, 'Not Checked'),
(15, 15.0, 'Cabin', TRUE, 'Checked'),
(16, 20.0, 'Checked', TRUE, 'Checked'),
(17, 18.0, 'Cabin', TRUE, 'Checked'),
(18, 25.0, 'Checked', FALSE, 'Not Checked'),
(19, 17.0, 'Cabin', TRUE, 'Checked'),
(20, 22.0, 'Checked', TRUE, 'Checked'),
(21, 19.0, 'Cabin', FALSE, 'Not Checked'),
(22, 24.0, 'Checked', TRUE, 'Checked'),
(23, 28.0, 'Cabin', TRUE, 'Checked'),
(24, 12.0, 'Checked', FALSE, 'Not Checked'),
(25, 30.0, 'Cabin', TRUE, 'Checked');

INSERT INTO FlightBoarding (flight_id, passenger_id, boarded) VALUES
(1, 1, TRUE), (1, 2, TRUE), (2, 3, FALSE), (2, 4, TRUE), 
(3, 5, TRUE), (3, 6, FALSE), (4, 7, TRUE), (4, 8, TRUE), 
(5, 9, FALSE), (5, 10, TRUE), (6, 11, TRUE), (6, 12, FALSE),
(7, 13, TRUE), (7, 14, TRUE), (8, 15, FALSE), (8, 16, TRUE), 
(9, 17, TRUE), (9, 18, FALSE), (10, 19, TRUE), (10, 20, TRUE), 
(11, 21, FALSE), (11, 22, TRUE), (12, 23, TRUE), (12, 24, FALSE),
(13, 25, TRUE), (14, 26, TRUE), (15, 27, FALSE);

INSERT INTO AirlineCrew (airline_id, crew_role, first_name, last_name) VALUES
(1, 'Pilot', 'John', 'Doe'), (1, 'Co-Pilot', 'Jane', 'Doe'), 
(1, 'Flight Attendant', 'Emily', 'Smith'), (1, 'Flight Attendant', 'Michael', 'Johnson'),
(2, 'Pilot', 'Robert', 'Brown'), (2, 'Co-Pilot', 'Linda', 'Davis'), 
(2, 'Flight Attendant', 'James', 'Miller'), (2, 'Flight Attendant', 'Sarah', 'Wilson'),
(3, 'Pilot', 'David', 'Moore'), (3, 'Co-Pilot', 'Susan', 'Taylor'),
(3, 'Flight Attendant', 'Elizabeth', 'Anderson'), (3, 'Flight Attendant', 'Daniel', 'Thomas'),
(4, 'Pilot', 'Charles', 'Jackson'), (4, 'Co-Pilot', 'Jessica', 'White'), 
(4, 'Flight Attendant', 'Laura', 'Harris'), (4, 'Flight Attendant', 'George', 'Clark'),
(5, 'Pilot', 'Christopher', 'Lewis'), (5, 'Co-Pilot', 'Ashley', 'Walker'), 
(5, 'Flight Attendant', 'Thomas', 'Young'), (5, 'Flight Attendant', 'Mary', 'King'),
(6, 'Pilot', 'Joseph', 'Scott'), (6, 'Co-Pilot', 'Patricia', 'Green'), 
(6, 'Flight Attendant', 'William', 'Adams'), (6, 'Flight Attendant', 'Helen', 'Baker'),
(7, 'Pilot', 'Mark', 'Gonzalez');
