1|1|2024-12-01 08:30:00|1|1200.00|1|Active|NULL|1
2|2|2024-12-02 14:30:00|2|2500.00|2|Cancelled|2024-12-03 10:00:00|4
3|3|2024-12-03 09:00:00|1|3000.00|3|Active|NULL|5
4|4|2024-12-03 12:00:00|1|4500.00|4|Active|NULL|6
5|5|2024-12-04 09:30:00|3|800.00|5|Active|NULL|7
6|6|2024-12-04 12:00:00|2|2200.00|1|Active|NULL|8
7|7|2024-12-05 10:00:00|1|1200.00|2|Active|NULL|9
8|8|2024-12-05 12:30:00|2|1800.00|3|Active|NULL|10
9|9|2024-12-06 07:30:00|1|1500.00|4|Active|NULL|11
10|10|2024-12-06 15:00:00|2|2500.00|5|Active|NULL|12
11|11|2024-12-07 10:00:00|3|1100.00|1|Active|NULL|13
12|12|2024-12-07 12:30:00|1|700.00|2|Active|NULL|14
13|13|2024-12-08 10:00:00|1|1300.00|3|Cancelled|2024-12-09 09:00:00|15
14|14|2024-12-08 14:30:00|3|2200.00|4|Active|NULL|16
15|15|2024-12-09 11:00:00|2|1800.00|5|Active|NULL|17
16|16|2024-12-09 14:00:00|1|1600.00|1|Active|NULL|18
17|17|2024-12-10 10:30:00|3|1000.00|2|Active|NULL|19
18|18|2024-12-10 16:00:00|1|2500.00|3|Active|NULL|20
19|19|2024-12-11 11:00:00|2|1100.00|4|Active|NULL|21
20|20|2024-12-11 14:00:00|3|1800.00|5|Cancelled|2024-12-12 08:30:00|22
21|21|2024-12-12 13:30:00|1|2200.00|1|Active|NULL|23
22|22|2024-12-13 07:00:00|2|2000.00|2|Active|NULL|24
23|23|2024-12-14 08:00:00|3|1500.00|3|Active|NULL|25
24|24|2025-01-10 15:00:00|1|1300.00|4|Active|NULL|25
25|25|2025-01-11 17:00:00|2|2200.00|5|Active|NULL|25