1|1|2024-12-01 09:00:00|1200.00|1|Success
2|2|2024-12-02 15:00:00|2500.00|2|Refunded
3|3|2024-12-03 10:30:00|3000.00|3|Success
4|4|2024-12-03 13:00:00|2250.00|4|Success
5|5|2024-12-04 10:30:00|800.00|5|Success
6|6|2024-12-04 13:30:00|2200.00|1|Pending
7|7|2024-12-05 11:30:00|1200.00|2|Success
8|8|2024-12-05 14:00:00|1800.00|3|Success
9|9|2024-12-06 08:00:00|1500.00|4|Pending
10|10|2024-12-06 16:30:00|2500.00|5|Success
11|11|2024-12-07 11:30:00|1100.00|1|Pending
12|12|2024-12-07 14:00:00|700.00|2|Success
13|13|2024-12-08 11:00:00|1300.00|3|Refunded
14|14|2024-12-08 15:00:00|2200.00|4|Success
15|15|2024-12-09 12:00:00|1800.00|5|Success
16|16|2024-12-09 14:30:00|1600.00|1|Success
17|17|2024-12-10 11:30:00|1000.00|2|Success
18|18|2024-12-10 16:30:00|2500.00|3|Success
19|19|2024-12-11 12:00:00|1100.00|4|Failed
20|19|2024-12-11 16:30:00|1100.00|4|Success
21|20|2024-12-11 16:30:00|1800.00|5|Success
22|21|2024-12-12 14:30:00|2200.00|1|Success
23|22|2024-12-13 08:30:00|2000.00|2|Failed
24|22|2024-12-13 08:40:00|1500.00|3|Success
25|22|2024-12-13 09:01:00|500.00|3|Success
26|23|2024-12-14 09:00:00|1500.00|3|Success
27|24|2025-01-10 15:00:00|1300.00|4|Success